{"train_loss": 17.462039058470666, "train_acc": 0.4063698849104859, "val_loss": 1.3291259001774394, "val_acc": 0.5294585987261147, "_timestamp": 1739863886.711961, "_runtime": 12.255711078643799, "_step": 0}