{"train_acc":0.4148817135549872,"val_loss":1.3777563048016495,"val_acc":0.5198049363057324,"_wandb":{"runtime":11},"_timestamp":1.7398633538781612e+09,"_runtime":10.52187703,"_step":0,"train_loss":3.888903184620011}